episode,episode_length,episode_reward,frame,step,total_time
0.0,249.0,0.2480148694635687,0,0.0,0.08989214897155762
40.0,249.0,12.400196896447165,10000,10000.0,298.7689414024353
80.0,249.0,14.926331438643786,20000,20000.0,728.9061939716339
120.0,249.0,11.866610703267742,30000,30000.0,1156.7617111206055
160.0,249.0,80.76670678050343,40000,40000.0,1585.6599955558777
200.0,249.0,130.84521133768334,50000,50000.0,2017.721527814865
240.0,249.0,134.2045600424491,60000,60000.0,2450.236186981201
281.0,249.0,159.44536648820576,70000,70000.0,2883.7011835575104
